term,yield
0.5,0.017535
1,0.018992
2,0.02078
3,0.02169
4,0.022105
5,0.022437
6,0.022765
